{
    "training_history": {
        "loss": [
            2.0491089820861816,
            1.8122644424438477,
            1.761883020401001,
            1.7474212646484375,
            1.7321698665618896,
            1.7231175899505615,
            1.728551983833313,
            1.7219867706298828,
            1.7166845798492432,
            1.7159980535507202,
            2.305250644683838,
            2.2063252925872803,
            2.1895434856414795,
            2.1861026287078857,
            2.3730928897857666,
            2.3589394092559814,
            2.3503012657165527,
            2.342822551727295,
            2.337871789932251,
            2.3334665298461914
        ],
        "accuracy": [
            0.3170500099658966,
            0.37369999289512634,
            0.38862499594688416,
            0.3953999876976013,
            0.4049000144004822,
            0.4057750105857849,
            0.4070749878883362,
            0.40869998931884766,
            0.41292500495910645,
            0.41565001010894775,
            0.17679999768733978,
            0.16850000619888306,
            0.1652749925851822,
            0.16712500154972076,
            0.10000000149011612,
            0.09825000166893005,
            0.10234999656677246,
            0.10022500157356262,
            0.10037499666213989,
            0.10092499852180481
        ],
        "top_3_accuracy": [
            0.6392999887466431,
            0.6972749829292297,
            0.7127000093460083,
            0.7188500165939331,
            0.7232999801635742,
            0.7283250093460083,
            0.7293750047683716,
            0.7330499887466431,
            0.7332500219345093,
            0.7355499863624573,
            0.4610750079154968,
            0.46607500314712524,
            0.4637250006198883,
            0.46970000863075256,
            0.3030250072479248,
            0.29817500710487366,
            0.30242499709129333,
            0.30169999599456787,
            0.3011249899864197,
            0.29907500743865967
        ],
        "precision": [
            0.43883806467056274,
            0.5711526274681091,
            0.6021168828010559,
            0.6127550601959229,
            0.6140226125717163,
            0.6240556836128235,
            0.6244641542434692,
            0.6272282004356384,
            0.6294151544570923,
            0.6300605535507202,
            0.29742488265037537,
            0.30536913871765137,
            0.27878788113594055,
            0.3636363744735718,
            0.6666666865348816,
            0.0,
            0.0,
            0.0,
            0.0,
            0.0
        ],
        "recall": [
            0.12349999696016312,
            0.13304999470710754,
            0.1393750011920929,
            0.14339999854564667,
            0.15084999799728394,
            0.1569499969482422,
            0.1565999984741211,
            0.16009999811649323,
            0.16304999589920044,
            0.16380000114440918,
            0.01732500083744526,
            0.0022750000935047865,
            0.0011500000255182385,
            0.003599999938160181,
            4.999999873689376e-05,
            0.0,
            0.0,
            0.0,
            0.0,
            0.0
        ],
        "val_loss": [
            1.751680612564087,
            1.6188757419586182,
            1.5918537378311157,
            1.5756850242614746,
            1.5690031051635742,
            1.5626308917999268,
            1.5645734071731567,
            1.5561352968215942,
            1.5559420585632324,
            1.5467250347137451,
            1792.796142578125,
            888.48876953125,
            596.9017333984375,
            1604.4530029296875,
            4.847705364227295,
            2.342115879058838,
            2.340301990509033,
            2.335221767425537,
            2.3312606811523438,
            2.3267602920532227
        ],
        "val_accuracy": [
            0.39910000562667847,
            0.4429999887943268,
            0.4496999979019165,
            0.4546000063419342,
            0.4650000035762787,
            0.46970000863075256,
            0.4715999960899353,
            0.4796999990940094,
            0.4724999964237213,
            0.47749999165534973,
            0.09369999915361404,
            0.10159999877214432,
            0.09740000218153,
            0.09740000218153,
            0.10249999910593033,
            0.09809999912977219,
            0.09809999912977219,
            0.09809999912977219,
            0.09809999912977219,
            0.09809999912977219
        ],
        "val_top_3_accuracy": [
            0.7328000068664551,
            0.761900007724762,
            0.7738999724388123,
            0.7785000205039978,
            0.7785999774932861,
            0.78329998254776,
            0.784500002861023,
            0.7889999747276306,
            0.7910000085830688,
            0.7894999980926514,
            1.0,
            1.0,
            1.0,
            1.0,
            0.2980000078678131,
            0.2980000078678131,
            0.2980000078678131,
            0.2980000078678131,
            0.2980000078678131,
            0.2980000078678131
        ],
        "val_precision": [
            0.7668488025665283,
            0.7108892202377319,
            0.7295454740524292,
            0.7349397540092468,
            0.7246134281158447,
            0.7484471797943115,
            0.7611060738563538,
            0.745891273021698,
            0.7459283471107483,
            0.7678875923156738,
            0.09369999915361404,
            0.10159999877214432,
            0.09740000218153,
            0.09740000218153,
            0.0,
            0.0,
            0.0,
            0.0,
            0.0,
            0.0
        ],
        "val_recall": [
            0.042100001126527786,
            0.14949999749660492,
            0.16050000488758087,
            0.17080000042915344,
            0.17339999973773956,
            0.16869999468326569,
            0.1678999960422516,
            0.1770000010728836,
            0.18320000171661377,
            0.18029999732971191,
            0.09369999915361404,
            0.10159999877214432,
            0.09740000218153,
            0.09740000218153,
            0.0,
            0.0,
            0.0,
            0.0,
            0.0,
            0.0
        ],
        "lr": [
            0.0010000000474974513,
            0.0010000000474974513,
            0.0010000000474974513,
            0.0010000000474974513,
            0.0010000000474974513,
            0.0010000000474974513,
            0.0010000000474974513,
            0.0010000000474974513,
            0.0010000000474974513,
            0.0010000000474974513,
            9.999999747378752e-05,
            9.999999747378752e-05,
            9.999999747378752e-05,
            9.999999747378752e-05,
            9.999999747378752e-05,
            9.999999747378752e-05,
            9.999999747378752e-05,
            9.999999747378752e-05,
            9.999999747378752e-05,
            9.999999747378752e-05
        ]
    },
    "timestamp": "2025-11-23 15:28:37",
    "total_epochs": 20,
    "best_val_accuracy": 0.4796999990940094,
    "best_val_loss": 1.5467250347137451
}